,DC_POWER,AC_POWER,DAILY_YIELD,TOTAL_YIELD,AMBIENT_TEMPERATURE,MODULE_TEMPERATURE,IRRADIATION
DC_POWER,1.0,0.9999996922949709,0.21872634780158726,-0.0009033269208432275,0.7448165149092175,0.8996533042375532,0.9878962659858046
AC_POWER,0.9999996922949709,1.0,0.21871676309436,-0.0009029868090830055,0.7447920581503004,0.8996402318027581,0.9878929023423347
DAILY_YIELD,0.21872634780158726,0.21871676309436,1.0,0.012178272630318236,0.5539351721646623,0.3943820337718478,0.2176887613283448
TOTAL_YIELD,-0.0009033269208432275,-0.0009029868090830055,0.012178272630318236,1.0,-0.05467019688609176,-0.02831186963960641,-0.007266274973770011
AMBIENT_TEMPERATURE,0.7448165149092175,0.7447920581503004,0.5539351721646623,-0.05467019688609176,1.0,0.910233811233943,0.7470777785265648
MODULE_TEMPERATURE,0.8996533042375532,0.8996402318027581,0.3943820337718478,-0.02831186963960641,0.910233811233943,1.0,0.9015102977760674
IRRADIATION,0.9878962659858046,0.9878929023423347,0.2176887613283448,-0.007266274973770011,0.7470777785265648,0.9015102977760674,1.0
