Model,MAE [W],MSE [W²],R² Score,Accuracy,Precision,Recall,F1 Score
Isolation Forest,,,,0.915961499316642,0.12306201550387597,0.06013257575757576,0.08078880407124682
Facebook-Prophet,76.61109950898002,19902.673764236308,0.8514228260693418,0.7816225646990405,0.1553323029366306,0.09517045454545454,0.11802701115678214
AE-LSTM (Paper),22.556280308215268,3379.2658463457537,0.9747709410735926,0.5656565656565656,0.5656565656565656,1.0,0.7225806451612903
BiLSTM (Custom),15.197908315575742,1982.3562887258024,0.9852000446560071,0.7693602693602694,0.7225950782997763,0.9613095238095238,0.8250319284802043
